company,comment,cleaned_comment,score,time
USPS,Our plant sent about 20 trays of raw dps for us and various other cities today üôÉ,our plant sent about 20 trays of raw dps for us and various other cities today,4,2026-02-04 14:59:05+00:00
USPS,Mine didn't but last time they did that the manager sent all that back with the second truck. They never sent another tray of raw dps after that.,mine didnt but last time they did that the manager sent all that back with the second truck they never sent another tray of raw dps after that,3,2026-02-04 15:11:15+00:00
USPS,Yeah they had the clerks go through it until 9:30 then called it off. Sending the rest back.,yeah they had the clerks go through it until 930 then called it off sending the rest back,1,2026-02-04 15:17:30+00:00
USPS,"The plant is so fucked man, for the last 4 months I havent gotten a correct tray of dps",the plant is so fucked man for the last 4 months i havent gotten a correct tray of dps,3,2026-02-04 14:59:50+00:00
USPS,I mean this question in good faith - do you mean you're getting trays of like raw mail? I just wanna know what carriers are talking about when they say this.,i mean this question in good faith do you mean youre getting trays of like raw mail i just wanna know what carriers are talking about when they say this,3,2026-02-04 15:13:27+00:00
USPS,"I still can't even get the plant to send me all my DPS. 1 tray of today's DPS, 1 tray of at least today and another days DPS run together, and 2 trays MIA.",i still cant even get the plant to send me all my dps 1 tray of todays dps 1 tray of at least today and another days dps run together and 2 trays mia,2,2026-02-04 15:03:29+00:00
USPS,"Oof. My plant is Everett Washington.  I'm on whidbey Island.  We get late trucks quite often but not like this. And part of it is because I'm on an island and the ferry system sucks.  My biggest problem with them usually is all my previous days nmr, fwd, utf, etc mail coming back to me the next day. I guess it could be worse",oof my plant is everett washington im on whidbey island we get late trucks quite often but not like this and part of it is because im on an island and the ferry system sucks my biggest problem with them usually is all my previous days nmr fwd utf etc mail coming back to me the next day i guess it could be worse,1,2026-02-04 15:05:13+00:00
USPS,"our mail was late today too, it was so weird",our mail was late today too it was so weird,1,2026-02-04 15:21:41+00:00
USPS,"Oh boy, you are gonna summon all the plant defenders.",oh boy you are gonna summon all the plant defenders,1,2026-02-04 15:04:32+00:00
USPS,"I know. Lol, let them cry üòÅ",i know lol let them cry,1,2026-02-04 15:08:00+00:00
